{"stats":{"minecraft:crafted":{"minecraft:smooth_stone":6,"minecraft:oak_planks":2128,"minecraft:chainmail_helmet":7,"minecraft:cobblestone_slab":2128,"minecraft:oak_sign":6,"minecraft:blaze_powder":16,"minecraft:oak_pressure_plate":1,"minecraft:cooked_chicken":1,"minecraft:cobblestone_stairs":20,"minecraft:stone":12,"minecraft:lever":1,"minecraft:diamond_shovel":1,"minecraft:bookshelf":20,"minecraft:shulker_box":2,"minecraft:cooked_mutton":5,"minecraft:glass":8,"minecraft:hopper":53,"minecraft:repeater":32,"minecraft:diamond_helmet":1,"minecraft:diamond_leggings":2,"minecraft:bow":12,"minecraft:iron_boots":12,"minecraft:comparator":1,"minecraft:chest":63,"minecraft:ender_eye":12,"minecraft:oak_fence":27,"minecraft:raw_iron_block":25,"minecraft:dropper":1,"minecraft:oak_slab":102,"minecraft:emerald":417,"minecraft:cauldron":1,"minecraft:cooked_porkchop":26,"minecraft:diamond_axe":1,"minecraft:crafting_table":6,"minecraft:spruce_planks":1908,"minecraft:iron_helmet":7,"minecraft:smithing_table":1,"minecraft:chainmail_chestplate":8,"minecraft:fletching_table":2,"minecraft:birch_planks":288,"minecraft:campfire":50,"minecraft:dispenser":10,"minecraft:lectern":2,"minecraft:iron_chestplate":7,"minecraft:book":16,"minecraft:paper":72,"minecraft:diamond_pickaxe":4,"minecraft:shield":6,"minecraft:stick":7066,"minecraft:iron_ingot":313,"minecraft:iron_pickaxe":5,"minecraft:iron_block":10,"minecraft:stone_sword":2,"minecraft:gold_ingot":27,"minecraft:redstone_torch":68,"minecraft:composter":4,"minecraft:redstone":216,"minecraft:raw_iron":225,"minecraft:stone_shovel":2,"minecraft:fishing_rod":1,"minecraft:furnace":4,"minecraft:blast_furnace":2,"minecraft:yellow_bed":2,"minecraft:bone_meal":108,"minecraft:diamond_block":9,"minecraft:oak_trapdoor":4,"minecraft:flint_and_steel":1,"minecraft:diamond":81,"minecraft:iron_axe":8,"minecraft:stone_pickaxe":2,"minecraft:diamond_boots":2,"minecraft:spruce_boat":1,"minecraft:redstone_block":24,"minecraft:dark_oak_planks":12,"minecraft:observer":11,"minecraft:chainmail_leggings":5,"minecraft:wheat":171,"minecraft:cooked_beef":23,"minecraft:diamond_sword":1,"minecraft:enchanting_table":1,"minecraft:iron_sword":5,"minecraft:mangrove_planks":4,"minecraft:bucket":2,"minecraft:stone_axe":12,"minecraft:enchanted_book":2,"minecraft:air":0,"minecraft:bread":59,"minecraft:oak_boat":2,"minecraft:oak_chest_boat":1,"minecraft:chainmail_boots":24,"minecraft:iron_shovel":1,"minecraft:iron_leggings":2,"minecraft:anvil":1,"minecraft:white_bed":4,"minecraft:lapis_lazuli":135,"minecraft:lapis_block":15,"minecraft:diamond_chestplate":1,"minecraft:firework_rocket":69},"minecraft:dropped":{"minecraft:iron_sword":1,"minecraft:porkchop":5,"minecraft:oak_pressure_plate":1,"minecraft:warped_fungus":3,"minecraft:cooked_beef":1,"minecraft:warped_roots":9,"minecraft:item_frame":1,"minecraft:flint":6,"minecraft:dirt":94,"minecraft:gold_nugget":2,"minecraft:iron_pickaxe":3,"minecraft:fishing_rod":1,"minecraft:bone":9,"minecraft:stone_axe":12,"minecraft:beetroot":6,"minecraft:rotten_flesh":52,"minecraft:oak_planks":2,"minecraft:end_stone":8,"minecraft:glowstone_dust":4,"minecraft:azure_bluet":1,"minecraft:carrot":35,"minecraft:chainmail_chestplate":8,"minecraft:gunpowder":2,"minecraft:beetroot_seeds":6,"minecraft:chainmail_boots":34,"minecraft:basalt":11,"minecraft:arrow":2,"minecraft:warped_wart_block":1,"minecraft:bread":28,"minecraft:wheat_seeds":125,"minecraft:oak_fence":1,"minecraft:iron_helmet":6,"minecraft:cobblestone":46,"minecraft:granite":3,"minecraft:chainmail_helmet":7,"minecraft:stick":580,"minecraft:oxeye_daisy":1,"minecraft:brewing_stand":1,"minecraft:torch":1,"minecraft:iron_leggings":1,"minecraft:iron_axe":1,"minecraft:chainmail_leggings":8,"minecraft:string":17,"minecraft:dandelion":6,"minecraft:redstone":5,"minecraft:moss_carpet":1,"minecraft:warped_nylium":6,"minecraft:stone_sword":2,"minecraft:raw_iron":1,"minecraft:stone_shovel":5,"minecraft:iron_boots":15,"minecraft:potato":38,"minecraft:andesite":1,"minecraft:iron_chestplate":6,"minecraft:oak_sapling":6,"minecraft:spider_eye":1,"minecraft:bow":1,"minecraft:stone_pickaxe":7,"minecraft:magma_block":1},"minecraft:killed_by":{"minecraft:creeper":3,"minecraft:blaze":1,"minecraft:zombie":3,"minecraft:skeleton":2},"minecraft:custom":{"minecraft:interact_with_crafting_table":155,"minecraft:open_shulker_box":45,"minecraft:bell_ring":32,"minecraft:leave_game":8,"minecraft:time_since_death":91375,"minecraft:sprint_one_cm":1230905,"minecraft:damage_blocked_by_shield":11817,"minecraft:drop":287,"minecraft:talked_to_villager":130,"minecraft:play_time":659004,"minecraft:deaths":11,"minecraft:jump":9731,"minecraft:interact_with_brewingstand":1,"minecraft:walk_on_water_one_cm":115361,"minecraft:enchant_item":48,"minecraft:interact_with_furnace":64,"minecraft:traded_with_villager":518,"minecraft:sleep_in_bed":17,"minecraft:damage_dealt":65612,"minecraft:player_kills":1,"minecraft:crouch_one_cm":100509,"minecraft:use_cauldron":2,"minecraft:interact_with_anvil":7,"minecraft:mob_kills":354,"minecraft:interact_with_campfire":17,"minecraft:climb_one_cm":1030,"minecraft:walk_one_cm":1773274,"minecraft:sneak_time":31632,"minecraft:walk_under_water_one_cm":37259,"minecraft:boat_one_cm":171405,"minecraft:interact_with_blast_furnace":35,"minecraft:total_world_time":792690,"minecraft:interact_with_grindstone":37,"minecraft:interact_with_stonecutter":1,"minecraft:time_since_rest":88540,"minecraft:damage_taken":13228,"minecraft:fly_one_cm":2790871,"minecraft:swim_one_cm":35678,"minecraft:open_chest":537,"minecraft:aviate_one_cm":1421215,"minecraft:fall_one_cm":220949},"minecraft:broken":{"minecraft:stone_pickaxe":1,"minecraft:stone_axe":1,"minecraft:stone_shovel":1,"minecraft:stone_sword":1,"minecraft:shield":3,"minecraft:iron_axe":1,"minecraft:iron_pickaxe":3},"minecraft:killed":{"minecraft:spider":34,"minecraft:shulker":6,"minecraft:skeleton":44,"minecraft:chicken":1,"minecraft:silverfish":1,"minecraft:magma_cube":19,"minecraft:piglin":3,"minecraft:pig":29,"minecraft:iron_golem":4,"minecraft:ender_dragon":1,"minecraft:creeper":14,"minecraft:sheep":9,"minecraft:zombie":88,"minecraft:blaze":23,"minecraft:cow":20,"minecraft:horse":8,"minecraft:drowned":1,"minecraft:wither_skeleton":10,"minecraft:player":1,"minecraft:enderman":25},"minecraft:mined":{"minecraft:dragon_wall_head":1,"minecraft:large_amethyst_bud":2,"minecraft:spruce_planks":1,"minecraft:white_bed":11,"minecraft:sculk_vein":2,"minecraft:cobblestone_stairs":1,"minecraft:brewing_stand":1,"minecraft:obsidian":3,"minecraft:cave_vines_plant":2,"minecraft:granite":12,"minecraft:grass_block":765,"minecraft:purpur_slab":1,"minecraft:composter":1,"minecraft:hopper":1,"minecraft:oak_wall_sign":1,"minecraft:nether_wart":35,"minecraft:chorus_flower":2,"minecraft:magma_block":1,"minecraft:glowstone":2,"minecraft:iron_ore":192,"minecraft:fire":20,"minecraft:pumpkin":2,"minecraft:moss_carpet":1,"minecraft:fletching_table":1,"minecraft:deepslate_lapis_ore":7,"minecraft:nether_brick_stairs":2,"minecraft:pointed_dripstone":8,"minecraft:cave_vines":3,"minecraft:dirt_path":20,"minecraft:oak_stairs":1,"minecraft:small_amethyst_bud":1,"minecraft:deepslate_redstone_ore":32,"minecraft:blackstone":8,"minecraft:medium_amethyst_bud":2,"minecraft:amethyst_cluster":4,"visualworkbench:minecraft/crafting_table":15,"minecraft:clay":1,"minecraft:torch":15,"minecraft:blast_furnace":4,"minecraft:chest":5,"minecraft:nether_quartz_ore":136,"minecraft:cobblestone":93,"minecraft:oak_planks":16,"minecraft:sugar_cane":58,"minecraft:grindstone":2,"minecraft:iron_door":4,"minecraft:wall_torch":14,"minecraft:warped_nylium":10,"minecraft:yellow_wool":6,"minecraft:birch_log":71,"minecraft:wheat":13,"minecraft:purpur_block":6,"minecraft:oak_log":546,"minecraft:beetroots":3,"minecraft:oak_fence_gate":3,"minecraft:sand":8,"minecraft:dirt":321,"minecraft:stonecutter":1,"minecraft:netherrack":297,"minecraft:oak_leaves":117,"minecraft:deepslate":55,"minecraft:nether_gold_ore":26,"minecraft:tuff":4,"minecraft:deepslate_diamond_ore":83,"minecraft:end_stone":80,"minecraft:shulker_box":5,"minecraft:nether_bricks":16,"minecraft:spruce_leaves":58,"minecraft:moss_block":8,"minecraft:kelp":3,"minecraft:hay_block":21,"minecraft:spore_blossom":1,"minecraft:redstone_ore":15,"minecraft:spruce_sapling":22,"minecraft:furnace":4,"minecraft:carrots":6,"minecraft:andesite":11,"minecraft:gold_block":4,"minecraft:bell":2,"minecraft:bookshelf":5,"minecraft:potatoes":4,"minecraft:deepslate_iron_ore":66,"minecraft:chorus_plant":5,"minecraft:stone":2657,"minecraft:white_wool":6,"minecraft:ender_chest":1,"minecraft:oak_slab":4,"minecraft:flowering_azalea":1,"minecraft:soul_sand":10,"minecraft:basalt":152,"minecraft:dandelion":1,"minecraft:oak_fence":18,"minecraft:short_grass":278,"minecraft:warped_roots":4,"minecraft:lectern":2,"minecraft:tall_grass":89,"minecraft:purpur_pillar":6,"minecraft:copper_ore":27,"minecraft:deepslate_gold_ore":23,"minecraft:lapis_ore":14,"minecraft:sculk":3,"minecraft:diorite":16,"minecraft:warped_wart_block":1,"minecraft:spruce_log":630,"minecraft:birch_leaves":2,"minecraft:yellow_bed":4,"minecraft:coal_ore":95,"minecraft:gravel":39,"minecraft:dripstone_block":12,"minecraft:cobweb":1,"minecraft:cracked_stone_bricks":2,"minecraft:stone_bricks":1,"minecraft:mossy_stone_bricks":1,"minecraft:gold_ore":4},"minecraft:used":{"minecraft:iron_shovel":27,"minecraft:elytra":5,"minecraft:oak_sign":5,"minecraft:chest":9,"minecraft:shield":203,"minecraft:stone":9,"minecraft:iron_sword":624,"minecraft:zombie_spawn_egg":6,"minecraft:bell":2,"minecraft:iron_chestplate":2,"minecraft:mutton":4,"minecraft:nether_bricks":15,"minecraft:carrot":12,"minecraft:tuff":4,"minecraft:obsidian":1,"minecraft:spruce_boat":2,"minecraft:glass":5,"minecraft:lava_bucket":29,"minecraft:warped_nylium":1,"minecraft:iron_helmet":1,"minecraft:bow":259,"minecraft:furnace":4,"minecraft:oak_sapling":1,"minecraft:egg":10,"minecraft:potato":14,"minecraft:oak_chest_boat":1,"minecraft:diamond_boots":2,"minecraft:diorite":10,"minecraft:stone_pickaxe":163,"minecraft:oak_planks":40,"minecraft:blackstone":5,"minecraft:ender_pearl":2,"minecraft:composter":4,"minecraft:diamond_axe":336,"minecraft:sugar_cane":17,"minecraft:purpur_pillar":6,"minecraft:white_wool":1,"minecraft:blast_furnace":6,"minecraft:end_stone":69,"minecraft:firework_rocket":63,"minecraft:bread":71,"minecraft:lectern":4,"minecraft:gravel":30,"minecraft:diamond_sword":444,"minecraft:chainmail_boots":2,"minecraft:grindstone":2,"minecraft:smithing_table":1,"minecraft:andesite":5,"minecraft:oak_boat":8,"minecraft:bone_meal":56,"minecraft:experience_bottle":1,"minecraft:oak_fence":42,"minecraft:oak_trapdoor":2,"minecraft:purpur_block":3,"minecraft:stone_sword":144,"minecraft:enchanting_table":1,"minecraft:flint_and_steel":3,"minecraft:stone_shovel":265,"minecraft:spruce_planks":1,"minecraft:cooked_chicken":1,"minecraft:netherrack":114,"minecraft:torch":52,"minecraft:dirt":414,"minecraft:anvil":1,"minecraft:white_carpet":15,"minecraft:hopper":5,"minecraft:nether_quartz_ore":67,"minecraft:shulker_box":7,"minecraft:diamond_helmet":1,"minecraft:granite":11,"minecraft:nether_brick_stairs":2,"minecraft:bookshelf":18,"minecraft:iron_axe":1001,"minecraft:iron_boots":3,"minecraft:diamond_chestplate":4,"minecraft:basalt":131,"minecraft:beef":2,"minecraft:cooked_beef":34,"minecraft:cobbled_deepslate":21,"minecraft:pumpkin":1,"minecraft:iron_leggings":2,"minecraft:pointed_dripstone":3,"minecraft:cooked_mutton":9,"minecraft:water_bucket":98,"minecraft:cobblestone_stairs":19,"minecraft:cauldron":1,"minecraft:fletching_table":2,"minecraft:crafting_table":20,"minecraft:oak_slab":34,"minecraft:campfire":1,"minecraft:white_bed":15,"minecraft:spruce_log":7,"minecraft:nether_gold_ore":13,"minecraft:oak_log":14,"minecraft:ender_eye":12,"minecraft:apple":3,"minecraft:diamond_pickaxe":2971,"minecraft:diamond_shovel":765,"minecraft:iron_pickaxe":1120,"minecraft:purpur_slab":1,"minecraft:spruce_sapling":57,"minecraft:stone_axe":153,"minecraft:fishing_rod":14,"minecraft:cobblestone":434,"minecraft:potion":1,"minecraft:cooked_porkchop":32,"minecraft:bucket":129,"minecraft:yellow_bed":6},"minecraft:picked_up":{"minecraft:shulker_shell":6,"minecraft:iron_chestplate":4,"minecraft:wheat":22,"minecraft:chainmail_boots":10,"minecraft:yellow_wool":6,"minecraft:diamond_sword":2,"minecraft:brewing_stand":2,"minecraft:string":62,"minecraft:raw_copper":456,"minecraft:iron_leggings":2,"minecraft:oak_sign":1,"minecraft:beetroot":9,"minecraft:diamond_leggings":3,"minecraft:gold_nugget":113,"minecraft:cobbled_deepslate":27,"minecraft:bucket":2,"minecraft:spruce_planks":21,"minecraft:cobblestone_slab":8,"minecraft:iron_pickaxe":11,"minecraft:mangrove_log":2,"minecraft:iron_boots":6,"minecraft:furnace":8,"minecraft:stick":602,"minecraft:composter":1,"minecraft:oak_fence":17,"minecraft:torch":53,"minecraft:purpur_pillar":6,"minecraft:porkchop":36,"minecraft:pointed_dripstone":23,"minecraft:diorite":16,"minecraft:nether_gold_ore":13,"minecraft:stone_sword":7,"minecraft:rotten_flesh":125,"minecraft:chorus_flower":4,"minecraft:blaze_rod":16,"minecraft:obsidian":19,"minecraft:cobblestone":2912,"minecraft:birch_log":73,"minecraft:magma_block":1,"minecraft:magma_cream":7,"minecraft:feather":1,"minecraft:cooked_beef":134,"minecraft:iron_door":2,"minecraft:water_bucket":9,"minecraft:andesite":17,"minecraft:potato":62,"minecraft:flint":15,"minecraft:tuff":4,"minecraft:lapis_lazuli":163,"minecraft:dirt":1391,"minecraft:bone":98,"minecraft:bow":10,"minecraft:stonecutter":1,"minecraft:wheat_seeds":185,"minecraft:raw_gold":27,"minecraft:bell":2,"minecraft:grindstone":2,"minecraft:mossy_stone_bricks":1,"minecraft:fletching_table":1,"minecraft:diamond_helmet":3,"minecraft:glowstone_dust":4,"minecraft:moss_block":8,"minecraft:oak_planks":102,"minecraft:cooked_porkchop":97,"minecraft:warped_wart_block":1,"minecraft:sand":8,"minecraft:nether_brick_stairs":2,"minecraft:grass_block":1,"minecraft:dark_oak_log":6,"minecraft:shulker_box":5,"minecraft:diamond":95,"minecraft:spruce_boat":2,"minecraft:granite":19,"minecraft:emerald":37,"minecraft:bread":411,"minecraft:oak_sapling":36,"minecraft:netherrack":256,"minecraft:chorus_fruit":20,"minecraft:diamond_pickaxe":4,"minecraft:fishing_rod":1,"minecraft:crafting_table":20,"minecraft:azure_bluet":1,"minecraft:chicken":1,"minecraft:nether_wart":50,"minecraft:chest_minecart":2,"minecraft:gold_block":3,"minecraft:dragon_head":1,"minecraft:purpur_block":7,"minecraft:shield":6,"minecraft:oak_trapdoor":1,"minecraft:moss_carpet":1,"minecraft:elytra":2,"minecraft:iron_axe":2,"minecraft:flint_and_steel":2,"minecraft:item_frame":1,"minecraft:blackstone":11,"minecraft:cracked_stone_bricks":1,"minecraft:beef":48,"minecraft:oak_boat":8,"minecraft:poppy":4,"minecraft:lectern":2,"minecraft:sugar_cane":98,"minecraft:chest":6,"minecraft:birch_sapling":2,"minecraft:egg":14,"minecraft:raw_iron":412,"minecraft:end_stone":123,"minecraft:stone":202,"minecraft:carrot":49,"minecraft:redstone":211,"minecraft:stone_shovel":6,"minecraft:arrow":117,"minecraft:diamond_chestplate":2,"minecraft:beetroot_seeds":20,"minecraft:nether_bricks":16,"minecraft:diamond_boots":3,"minecraft:purpur_slab":1,"minecraft:hay_block":19,"minecraft:saddle":2,"minecraft:gold_ingot":20,"minecraft:glow_berries":6,"minecraft:mutton":12,"minecraft:rail":2,"minecraft:white_wool":17,"minecraft:oxeye_daisy":1,"minecraft:basalt":191,"minecraft:salmon":4,"minecraft:leather":72,"minecraft:oak_log":616,"minecraft:yellow_bed":4,"minecraft:gunpowder":24,"minecraft:cobblestone_stairs":1,"minecraft:cooked_mutton":7,"minecraft:apple":18,"minecraft:stone_bricks":1,"minecraft:kelp":3,"minecraft:stone_pickaxe":9,"minecraft:iron_ingot":170,"minecraft:oak_fence_gate":3,"minecraft:iron_sword":2,"minecraft:flowering_azalea":1,"minecraft:soul_sand":10,"minecraft:book":15,"minecraft:oak_slab":48,"minecraft:warped_fungus":3,"minecraft:nether_quartz_ore":67,"minecraft:pumpkin":2,"minecraft:quartz":153,"minecraft:dandelion":6,"minecraft:dripstone_block":12,"minecraft:gravel":36,"minecraft:amethyst_shard":64,"minecraft:spruce_sapling":80,"minecraft:blast_furnace":4,"minecraft:white_bed":11,"minecraft:spruce_log":636,"minecraft:spider_eye":15,"minecraft:dragon_egg":2,"minecraft:firework_rocket":51,"minecraft:stone_axe":8,"minecraft:chainmail_leggings":3,"minecraft:iron_helmet":2,"minecraft:diamond_axe":2,"minecraft:warped_roots":9,"minecraft:black_wool":1,"minecraft:warped_nylium":18,"minecraft:coal":508,"minecraft:ender_pearl":14}},"DataVersion":3700}